"CCODE","CTITLE","DEGCODE","SEM","CCH"
"GEN150","Intoduction to Mathematics","BBIT","1","3"
"GEN151","English Composition","BBIT","1","3"
"GEN152","Introduction to Philosophy","BBIT","1","3"
"IT160","Inroduction to Information Technology","BBIT","1","3"
"MGMT110","Principles of Management","BBIT","1","3"
"GEN154","Pakistan Studies","BBIT","2","2"
"IT162","Digital Logic Design","BBIT","2","3"
"IT161","Programming Fundamentals","BBIT","2","3"
"GEN158","International Relations","BBIT","2","3"
"GEN155","Mathematics for Management Sciences","BBIT","2","3"
"GEN153","Islamiat","BBIT","2","2"
"GEN156","Introduction to Psychology","BBIT","2","3"
"GEN250","Business Communication","BBIT","3","3"
"ECON230","Micro Economic Theory","BBIT","3","3"
"ACCT210","Principle of accounting","BBIT","3","3"
"IT260","Object Oriented programming","BBIT","3","4"
"STAT290","Bussiness Statistics","BBIT","3","3"
"MKTG280","Principles of Marketing","BBIT","4","3"
"STAT291","Statistics for Business Decision Making","BBIT","4","3"
"ECON231"," Macroeconomic Theory","BBIT","4","3"
"FIN240","Business Finance","BBIT","4","3"
"IT261","Database Systems","BBIT","4","3"
"FIN341","Commercial Bank Management","BBIT","5","3"
"IT366","Operating Systems","BBIT","5","3"
"IT365","Object Oriented Analysis and Design","BBIT","5","4"
"IT361","Software Engineering","BBIT","5","3"
"MKTG382","Selling and Sales Management","BBIT","5","3"
"FIN340","Advance Financial Management","BBIT","5","3"
"IT464","Emerging Trends in IT","BBIT","5","3"
"FIN342","Financial Econometrics","BBIT","5","3"
"ACCT310","Cost Accounting","BBIT","5","3"
"MKTG380","Marketing Management","BBIT","5","3"
"MKTG381","Marketing Research","BBIT","5","3"
"IT360","Data Communication and Computer Networks","BBIT","5","3"
"IT466","Analysis of Algorithms","BBIT","6","3"
"IT368","Distributed Database Systems","BBIT","6","3"
"MKTG385","Franchise Structure and Management","BBIT","6","3"
"MKTG384","Integrated Marketing Communications","BBIT","6","3"
"MGMT370","Human Resource Management","BBIT","6","3"
"IT367","Data Structures and Algorithms","BBIT","6","4"
"IT362","E-Commerce (Functions Technologies)","BBIT","6","3"
"IT465","Computer Organization and Assembly Language","BBIT","6","3"
"FIN440","Insurance and Risk Management","BBIT","6","3"
"BUS320","Business Internship","BBIT","6","3"
"FIN344","Introduction to Derivatives","BBIT","6","3"
"IT364","Information System Audit and Control","BBIT","6","3"
"FIN343","Credit Risk Analysis","BBIT","6","3"
"MKTG383","Value Chain &amp;Logistics","BBIT","6","3"
"IT363","Internet Programming","BBIT","6","3"
"IT468","Information Security","BBIT","7","3"
"MKTG480","Industrial Marketing","BBIT","7","3"
"FIN443","Emerging Trends in Finance","BBIT","7","3"
"FIN442","Money and Capital Markets","BBIT","7","3"
"MGMT471","Entrepreneurship and SME Management","BBIT","7","3"
"MKTG482","Retailing and Merchandizing Management","BBIT","7","3"
"MGMT470","Project Management (IT)","BBIT","7","3"
"FIN441","Capital Budgeting and Investment Decisions","BBIT","7","3"
"IT369","Computer Graphics","BBIT","7","3"
"IT467","UNIX and Shell Programming","BBIT","7","3"
"IT460","Software Quality Assurance","BBIT","7","3"
"IT461","Internet working with UNIXTCP/IP","BBIT","7","3"
"MKTG481","Direct Marketing Strategies","BBIT","7","3"
"FIN447","International Finance","BBIT","8","3"
"MKTG484","Marketing for Non-Profit Organizations","BBIT","8","3"
"IT462","Artificial Intelligence","BBIT","8","3"
"MGMT472","Organization Theory and Design","BBIT","8","3"
"FIN446","Computing Applications and Financial Management","BBIT","8","3"
"MKTG486","Marketing Mathematics/Empirical Tools for Marketing","BBIT","8","3"
"IT471","Theory of Automata","BBIT","8","3"
"IT 461","IT Project","BBIT","8","4"
"IT463","Computer Architecture","BBIT","8","3"
"MKTG485","Emerging Trends in Marketing","BBIT","8","3"
"MKTG483","Entrepreneurship and New Venture Marketing","BBIT","8","3"
"FIN444","Corporate Law and Business Ethics","BBIT","8","3"
"IT469","Compiler Construction","BBIT","8","3"
