"REGNO","STDNAME","GENDER","CITY","DEGCODE"
"F21BB103","Nazir Khan","M","Lahore","BBIT"
"F21BB104","Iqrabia Sheikh","F","Karachi","BBIT"
"F22BB103","Waqi Javed","M","Sialkot","BBIT"
"F22BB104","Labial Amin","F","Peshawar","BBIT"
"F21BB105","Hamdan Khan","M","Lahore","BBIT"
"F21BB106","Mifra Sheikh","F","Karachi","BBIT"
"F22BB105","Waqar Javed","M","Sialkot","BBIT"
"F22BB106","Maham Amin","F","Peshawar","BBIT"
"F23BB101","Ali Khan","M","Lahore","BBIT"
"F23BB102","Sara Malik","F","Karachi","BBIT"
"F23BB103","Umer Shah","M","Islamabad","BBIT"
"F23BB104","Hina Tariq","F","Rawalpindi","BBIT"
"F23BB105","Zain Qureshi","M","Multan","BBIT"
"F23BB106","Ayesha Noor","F","Faisalabad","BBIT"
"F21BB101","Hamza Khan","M","Lahore","BBIT"
"F21BB102","Iqra Sheikh","F","Karachi","BBIT"
"F22BB101","Waqas Javed","M","Sialkot","BBIT"
"F22BB102","Maha Amin","F","Peshawar","BBIT"
"F24BB101","Farhan Riaz","M","Hyderabad","BBIT"
"F24BB102","Alina Noor","F","Gujranwala","BBIT"
